epoch,step,acc_epoch,train_loss_epoch
0,3,0.1875,2.259072780609131
1,7,0.40625,1.7445240020751953
2,11,0.4375,1.585257649421692
